<?xml version="1.0" encoding="UTF-8"?>
<project-private xmlns="http://www.netbeans.org/ns/project-private/1">
    <editor-bookmarks xmlns="http://www.netbeans.org/ns/editor-bookmarks/2" lastBookmarkId="0"/>
    <open-files xmlns="http://www.netbeans.org/ns/projectui-open-files/2">
        <group>
            <file>file:/C:/Users/chris/Desktop/Lista06-2.0/Lista06-2.0/src/br/com/classes/fatec/Tabelas.java</file>
            <file>file:/C:/Users/chris/Desktop/Lista06-2.0/Lista06-2.0/src/br/com/telas/fatec/Clientes.java</file>
            <file>file:/C:/Users/chris/Desktop/Lista06-2.0/Lista06-2.0/src/br/com/telas/fatec/Cadastro_animal.java</file>
            <file>file:/C:/Users/chris/Desktop/Lista06-2.0/Lista06-2.0/src/br/com/telas/fatec/Inicial.java</file>
            <file>file:/C:/Users/chris/Desktop/Lista06-2.0/Lista06-2.0/src/br/com/telas/fatec/padrao.java</file>
            <file>file:/C:/Users/chris/Desktop/Lista06-2.0/Lista06-2.0/src/br/com/classes/fatec/Profissional.java</file>
            <file>file:/C:/Users/chris/Desktop/Lista06-2.0/Lista06-2.0/src/br/com/classes/fatec/Historico.java</file>
            <file>file:/C:/Users/chris/Desktop/Lista06-2.0/Lista06-2.0/src/br/com/classes/fatec/Cliente.java</file>
            <file>file:/C:/Users/chris/Desktop/Lista06-2.0/Lista06-2.0/src/br/com/telas/fatec/Relatorio.java</file>
        </group>
    </open-files>
</project-private>
